os_audspec_lengthL1norm_sma_upleveltime50,total_features,praat_count,os_pcm_fftMag_spectralSlope_sma_upleveltime90,os_pcm_zcr_sma_min,os_audspec_lengthL1norm_sma_leftctime,lb_zcr_mean,os_audspec_lengthL1norm_sma_kurtosis,lb_global_mfcc_mean,os_voiceProb_sma_linregc1,os_audspec_lengthL1norm_sma_lpc3,os_audspec_lengthL1norm_sma_maxSegLen,os_pcm_zcr_sma_linregc2,os_pcm_zcr_sma,os_pcm_zcr_sma_de_skewness,os_audspec_lengthL1norm_sma_meanSegLen,os_pcm_fftMag_spectralVariance_sma_range,os_audspecRasta_lengthL1norm_sma_maxPos,os_audspec_lengthL1norm_sma_minSegLen,os_slope500-1500_sma3,opensmile_count,os_audspec_lengthL1norm_sma_iqr2-3,os_pcm_fftMag_spectralEntropy_sma_qregc2,os_pcm_loudness_sma_minPos,os_F0_sma_linregc1,os_audspec_lengthL1norm_sma_upleveltime25,os_logHNR_sma_de_lpc1,os_pcm_fftMag_spectralEntropy_sma_de_minPos,os_audspec_lengthL1norm_sma_percentile1.0,librosa_count,os_audspec_lengthL1norm_sma_iqr1-2,os_pcm_zcr_sma_maxPos,os_audspec_lengthL1norm_sma_upleveltime90,os_audspec_lengthL1norm_sma_maxPos,lb_global_mfcc_mean_min,os_pcm_zcr_sma_de_linregc1,os_pcm_fftMag_spectralSlope_sma_flatness,os_pcm_loudness_sma_de_amean,os_audspec_lengthL1norm_sma_lpc2,os_audspec_lengthL1norm_sma_risetime,os_audspec_lengthL1norm_sma_lpgain,os_audspec_lengthL1norm_sma_upleveltime75,os_audspec_lengthL1norm_sma_lpc0,os_pcm_zcr_sma_de_linregc2,os_audspec_lengthL1norm_sma_skewness,label
-0.076922483052416,0.0,0.0,0.2337595537127074,-0.9420741816548712,0.7868220844869156,-1.215704125356864,-0.6532848228204758,1.5406457669299027,-2.0349101221143093,0.6639412737520544,-0.4130354528304018,-1.4873016870199534,-1.223909177692354,0.3794641910867921,-0.4841469579786994,-0.3110204642461759,-0.408805045820387,-0.2918724141873378,-0.8931898320347904,0.0,0.4780019237600112,-1.504837669749366,-0.25439360619115,-0.0661010976552217,-0.6910251055626093,-0.68756152648848,-0.1536815793096525,-0.4517304021639268,0.0,0.5375541244643027,-0.2546698910875846,-0.252022426614134,-0.6986583918616207,0.3388000525396537,0.6941969358851703,-0.2428558543855356,0.0931790540659008,0.1369718398879338,-0.913645761178497,-0.5484160300729142,-0.4632981768224847,-0.225496643051123,-0.1176827662884586,0.0879352233500169,0
1.1703455302570152,0.0,0.0,-0.9022385368240666,-1.1207891313935845,0.3296508673825502,-0.7757398517821849,-0.3412989281030137,2.18347416180552,0.1500389331154495,-0.2389885128575344,-0.2205361649493663,-0.3045728619938376,0.3357158018676535,-0.8905266732386679,-0.2447371565016919,-0.2946667438996355,-1.561715510449171,-0.3200355419756163,0.379659754088235,0.0,-0.3430600206720051,0.4436051296049585,-0.25439360619115,0.193732033583979,1.1444644559972923,1.041792604382116,1.4814604862401477,0.522225521977694,0.0,-0.3705702912236654,-0.3281654084381777,1.191187077499098,0.5670280399188976,0.6875131978853136,-0.0774909071719256,0.7729539845529287,0.752105443625839,0.2189923508414163,0.2677463255849119,-0.7401629468697496,0.1855347304882143,0.2614931506981144,-0.4100644445280244,-0.0260732799584539,1
0.1923235019585514,0.0,0.0,-0.1956348161124104,-1.1207890743280255,0.3330885969219536,-1.1618675627490918,-0.5673536903761093,0.4950938742492006,-0.2631629911774737,0.4613208377653047,-0.2557825132070157,-0.7886208796018562,-0.6918017892651771,-0.1175204400690171,-0.4001406202196235,-0.3138900536020944,-0.6252364293938345,-0.3200355419756163,-0.2478161488934677,0.0,-0.5277507360503112,-0.0125587324981941,-0.2121018160208506,-0.2260162048507844,0.1288277349405648,0.4465188178416877,1.897224590486753,0.6899437323530693,0.0,0.0372668784384125,-0.325809782882069,-0.4166168054856927,2.5270175753858046,0.2877883379766143,-0.4148880747021233,0.6813110355684686,-1.3108071762559763,-0.8679878880094828,0.9327006514209006,0.3781542431861013,-0.3113873333665009,0.6391876498897543,0.1113599889645656,-0.1967524222938144,1
1.8366229343139333,0.0,0.0,-0.5903332486071331,1.4578113324549364,-0.9510072493632024,1.3840821012848106,0.2394994018367022,0.6887155315700426,-0.5437255318420026,0.196950483305262,-0.2774725699439487,0.901013364130547,0.5742467708387279,0.0238315503394399,-0.4853083465641176,-0.2780608534531614,1.4354662583651046,-0.2637092916448508,1.2867934878970182,0.0,-0.3513894987093863,0.608552880973481,-0.0006428651693537,-0.3027646582231691,1.1515094915965385,-0.973521881443345,1.449338146011432,0.1727849805321438,0.0,-0.3254097335249255,-0.2805817722047809,1.461893478081257,0.4545419927019807,0.5004017847633492,-0.2925630949581598,0.6008857426554702,-0.1579011888724345,0.0728979866748078,-0.1588949740740846,-0.2418806763646361,2.330111311154338,0.0262758781322896,0.4251571651469017,-1.5728776138309732,0
-0.3081725033152756,0.0,0.0,-0.004576934959843,0.2578687180639298,0.0532691153235905,-0.5540513773172288,-0.5293112784645019,-0.187172481331932,-0.9876985141506036,0.5633705351723662,-0.2856063513205205,-0.493887316935833,-0.710150136052998,0.0917014891215878,-0.2254693308102766,-0.3123346423222801,0.5868770113127222,-0.2355461586107809,-1.7673242395359163,0.0,0.5098568006355699,0.9080925006334288,-0.25439360619115,0.0292902311282409,-0.7853276709398874,-0.7469326492383798,-0.8541991856895053,0.070429904002666,0.0,-0.1466834961340418,-0.3210985317698515,-0.4767281754594276,-0.7410602650053408,0.2637221601774811,0.0021796468817332,0.5004012983524007,2.238692608454145,-0.6892407161983549,1.4972071074103983,1.0751920657132523,-0.670553427497431,0.5978164828156546,0.1632051083452503,0.3133364004713337,0
0.0639245840564847,0.0,0.0,-0.6141389853560311,0.7940133390178334,-0.5459871208034001,1.2310976011925578,-0.5959086640735828,-0.0769855146994551,0.244348560265164,0.3189250598343401,-0.3127189182015981,0.6866481986274635,0.5192009102321302,0.124732638555868,-0.3942784530658164,-0.2952443814010589,1.2630370738629304,-0.3200355419756163,0.6427569639095795,0.0,0.5757358055685845,-0.7271561614668824,-0.25439360619115,0.5377158728282941,0.2787701810805694,1.1602406131066267,1.3793097900748028,0.4614041212252289,0.0,0.2543551486295028,-0.2193355077459533,-0.4558929288095081,-0.7068886800520668,0.3346928544493608,-0.1918125192181706,0.5332832685141464,0.7689046475699851,-0.6894828738999473,2.083465280535147,0.5624097661571356,-0.282945407458383,0.18433313226888,0.240405653991706,0.0929168778619895,1
-1.1318675577510635,0.0,0.0,-0.5746383979117003,-0.8910127755960338,0.1280097441011209,-0.9940083649424818,0.034755698140577,0.5806212398893427,0.0108412068171384,-0.2128207895328271,0.0505896008235397,-0.4025285114385429,0.2072762260125202,-0.5977103239515432,-0.2081261039162997,-0.300444130113467,0.5545298978094974,-0.3200355419756163,1.0388574197506144,0.0,-0.3071598438222475,0.0497818482345191,-0.25439360619115,-0.250488924364263,-0.1038765392128061,-1.0194824417765715,-0.8757015133106385,0.4806515698866169,0.0,-0.3255605259935041,-0.329578783771843,-0.6463546210345553,-0.7205263190949335,0.3954333828952637,0.0314881949318634,0.6949523796700001,0.0305592173669083,-0.5309009939150272,-0.5983862522861272,-0.0674708049769144,-0.6824957723499754,0.4088510040499545,-0.5086553233804562,0.3093125215453179,0
-1.0990568117466133,0.0,0.0,2.171150137817682,0.5131756912925616,1.270456504726518,0.9534533839137784,-0.0445605578193192,-1.1547251627013924,-0.4946289603582892,0.5433351184942633,-0.2096911446610772,0.197320734246693,-0.0863004395165231,0.0161228108357224,0.3663689768745534,-0.2598024927017071,0.1333578651259039,-0.094730514423597,1.0065972662250773,0.0,-0.3357712622839834,0.6590861243571813,-0.1632190975123227,-0.6149869962461444,-0.5624619073153946,-1.146364564040005,0.4851074287188196,-1.284893193558883,0.0,1.8636223784903772,-0.2673902690905719,-0.6672414674105429,-0.7598086502598357,-0.5264157811704568,-0.0482747677311212,-1.7029233627241085,-1.4009456676357426,-1.075563183176597,-0.6871965201641191,-0.0087145828532631,-0.6638692814009991,0.6624288371849196,0.2616781650185812,0.6529269114425391,1
-0.6701280902498957,0.0,0.0,-0.7731513389639334,-0.7888900776094749,0.7742677887817413,-1.326210753867552,0.3075201626022939,0.6610568303417935,-0.0585866795802497,-0.10706949598517,-0.2259586750935108,-1.3383646713164257,-1.5908796404942485,-0.6781793168292529,-0.4522736101013413,-0.2883926494024322,0.3983473555521534,-0.3200355419756163,-1.0651002877799831,0.0,-0.5447944272403533,-1.5597696908824703,-0.25439360619115,-0.4096194594814741,1.0149079164946235,-0.7793191337018006,-0.540338416807722,0.8437559666150434,0.0,-0.6297368067107443,-0.3196851564361862,-0.4022606977490097,1.2349547729361867,0.5957679931231695,0.076278602965092,0.8367162953166841,1.2761722836043543,0.4212144251840256,0.1795253472548088,-0.1157524774022129,-0.5828389536832635,-0.2578674732808517,0.3514261459410856,1.1619853422449036,1
2.1995946730428217,0.0,0.0,-0.9124683689372852,-1.554810968762592,0.4522183598031671,0.7257794416987806,6.280296438448397,0.4813841772619639,-0.2768295844557625,-0.1846088916975905,-0.342542756315103,0.3541039927657511,-0.398225287784761,0.3194707366290645,-0.3567824929909534,-0.1972359865058334,-1.062180048616343,-0.2637092916448508,0.5206155228280794,0.0,-0.7458575938203406,0.3597679799671345,-0.207707863795365,-0.2867627769271533,1.1989830405306454,1.970362333027994,-0.4745921492087514,1.1420724400748712,0.0,-0.7075006971537268,-0.1642138697330085,-0.4735248049089263,-0.7408916647650038,0.3777037044861233,-0.2063592493794975,0.8533902452991312,-0.6812151884375555,1.4357527388241522,1.1076364533248924,-0.4909720743619895,0.4634110567725416,-0.1698032440708606,0.4581908367738256,-3.2211766552148102,1
1.756904166707771,0.0,0.0,-0.2180278251658852,-0.7633592889817171,0.7123067367089887,0.7521782027613183,0.2786136819577782,0.7581866772271124,6.796693326141591,0.1839322327043768,-0.4049016795340074,2.119588723112268,0.4825042166564895,0.8445255689541284,-0.4249166800659216,-0.2383377881907644,-0.7696411129704226,-0.2918724141873378,-0.966138224698244,0.0,-0.5225646257633006,-1.0676953923062775,-0.2313253570073503,5.157001051013544,0.9263528080965348,2.1925609393702,-0.2824449962080365,-1.3226152601714147,0.0,-0.0349384156983796,-0.3253386577708472,0.8399679818851131,0.0566450075644075,0.5079997693935512,-2.061578382322234,-1.1773941508361012,0.8140620660615719,-0.0873094211494073,0.0715458370249546,0.4836188130078702,2.948959204067504,0.1924672087327905,1.168422824935599,-2.004048424301416,1
0.457458734174419,0.0,0.0,-0.9152916194466544,-0.7122979399884369,1.423223354003068,-0.6986468753230556,-0.6401121170129866,0.2858130852071508,-0.3933801471910361,-0.0411083419062247,-0.3506765215313198,-0.6740420527125591,1.0696572196173229,-2.305723572435913,-0.471371833523419,-0.2801932250044949,-0.5704369265792267,-0.2918724141873378,1.67758474023926,0.0,0.0995036846914221,0.8222708714687081,-0.2197912324154505,-0.6218508809135643,0.556357103747027,0.3074213334356462,-0.0402759069125366,1.0595409486763574,0.0,-0.3826444085537102,-0.329578783771843,1.6902497020466825,1.7545581186897403,0.5469499812599918,1.797015949196637,0.6918547792219494,0.7455506982311568,-0.2707910782658554,0.2076405249049653,0.5761595016555332,0.945644142156458,0.0620321769052784,-2.323306621946754,-0.1933309012676717,0
-1.2038624720749274,0.0,0.0,-0.564996431815145,0.7684826645211934,-1.0233487817813192,0.4040065021879561,0.7047816059858986,0.1691971112248478,-0.3365398040782875,0.445921780328016,-0.353387776603392,-0.0416544410959506,-0.3248312444389704,-0.0869417590725995,-0.4756133601032044,-0.3147572799893193,0.163143936756002,-0.3200355419756163,0.1225621740819216,0.0,-0.8525386135225471,0.51108941686901,-0.25439360619115,-0.3445445843919534,0.3302706808768433,-0.7191213170997843,-0.8532509684207218,1.5110032454315423,0.0,-0.8627869242274668,-0.2410072628621539,-0.7419432996928854,-0.7406504651357945,0.4287199405937176,-0.2180643832288272,0.9732126044050956,0.2770460009536864,-0.0050736182000061,1.4693666426818306,0.1049736560090415,-0.7772514468939171,0.5248322372851293,0.3924696120069988,0.5645517700253969,0
0.5362674427656634,0.0,0.0,-0.4321904847355181,0.5642368120236064,1.9790325402065356,1.2843913522093675,-0.4738495931068999,-0.2034825046850125,0.7906420157405479,0.5150818492893989,-0.342542756315103,1.3167848086430771,0.9962628481742776,0.025807920930235,-0.3935594882282693,-0.2995414026989915,0.0234436980244963,-0.2918724141873378,1.0561463644774711,0.0,0.1190068527789486,-0.1571318858607208,-0.25439360619115,0.7124996661801263,0.5451403854364446,0.2759348287670725,-0.7100132912014424,0.1199289153051183,0.0,0.4819874571211247,-0.3074359035444207,0.2277617834154719,-0.6704851336671044,0.3621538216019259,1.7265333281963249,0.3061717370340974,0.9383321388887632,-0.9413874172572296,-1.178529679749269,1.2630906142849083,-0.1737670112714215,0.3359770756033709,-0.9692343432673114,-0.514974951177181,0
0.9173139354421492,0.0,0.0,-0.8108068608973691,0.5897677147824807,0.1217750192939136,0.5818242101779529,-0.159584406175283,0.3217360239828439,-2.209801279909073,0.3614806304167796,0.0397445805352505,0.6574358124678428,-0.2514370370445524,-0.1154314851325052,-0.1419275244878765,-0.3031954418778172,-1.5249449303311289,-0.3200355419756163,-0.4942627251800705,0.0,-0.2266162543985128,0.518394904493541,-0.1209273073420234,1.302899243136595,0.9408567923515602,-1.0353734683011222,1.249731194964006,-0.2500778926143589,0.0,-0.1937135945806594,-0.3093204039893077,-0.5621619985592405,-0.6742977272497072,0.3217686872947657,-0.3602192886201129,0.6272054957248232,-1.2021833887751403,-0.8317756033323211,0.6938364661961802,0.8638592156610385,-0.6504553407236995,0.5322076577373436,0.5929400687799842,-0.8491064466746819,0
-0.8140727609854594,0.0,0.0,1.5211360774550329,0.9982589632531867,0.7971323473778581,0.3899968568448586,-0.2535138022181984,-0.6538705158282255,-0.2920961651571642,0.8718015346773773,-0.3181414283457426,0.2276797936614041,-0.434922309457656,-0.3734206584042953,-0.0496625101123224,-0.3011201688754984,-0.4542133256539822,-0.2355461586107809,-0.4099962353927058,0.0,1.8511219222776127,0.351200275081099,-0.25439360619115,-0.6473065551642364,-1.7664805265254089,-1.0037362929807152,-0.8724864456874439,-0.281468997175762,0.0,-0.9224485718784968,-0.3102626542117512,-0.6354764154838324,-0.7459511478312814,-0.0559776724329696,-0.2731782061733141,-0.4895671069092201,-0.3450753998046433,-0.2179517304642771,0.3824290044219853,-0.693453021529148,-0.7741403086299623,-0.1280613392556454,0.482957952295471,1.0292011264898469,1
-1.086256525644666,0.0,0.0,2.4613147127382065,-1.8101179705240025,1.1655779593656734,-2.18536764095654,-0.2714993545612841,-1.6519909554081658,-0.2966557742180448,-3.710522292625662,2.08945522498164,-2.41790001688107,-1.2987836778728092,0.1248716414684691,1.749020310909889,3.342150197788174,1.566759141560985,1.623220233449267,-0.1966431592264257,0.0,2.498856976433604,0.2458712575108527,3.734216526493448,-0.4356145552012942,-1.9585609118675973,-0.0980334452984925,1.8069279909665288,-1.435101623604372,0.0,-0.1795233800967664,2.8980993532083703,-0.828378724734247,2.639461619475219,-2.865046829312153,-0.2072783058019904,-2.2176593254474954,-0.6790105856746254,4.661790339590074,-0.0190184338602782,-1.3483014871904582,-0.8000876253538112,-2.5639584019568527,0.289252775692762,1.0324162937990018,1
1.4526444038526396,0.0,0.0,-0.3727028083506954,0.4365834395404076,2.3403159718433213,0.0649668457029327,-0.4144831251943075,0.5092130843013194,-0.6354288373850265,-0.3065181791387836,-0.342542756315103,-0.1774686798239965,-0.2697855478810003,0.2532646433621171,-0.522730544350282,-0.2894928658585465,0.4655748624602054,-0.3200355419756163,-2.219425120879358,0.0,-0.1469381329420324,-0.5083657686207006,-0.1593743893150228,3.467374779089987,0.731623116271356,0.4038680386789333,0.4932800136350789,-0.6988022101689085,0.0,0.3246380174559771,-0.2461896390855931,1.1262417111859833,0.1829673238191648,0.2959409910961387,-0.202041974045915,-0.0421378041869332,-1.1746728074269677,0.3461067045339948,0.3817825191238619,0.1147196670143399,1.8697543572022224,0.3625671097868795,0.2612570524145612,-1.1390211637473604,0
-0.4502115602012988,0.0,0.0,-0.6190550563427255,0.7940133390178334,-1.2864170119091656,0.0360886683710761,-0.2980911407338955,-0.6202001433099149,0.4097207774650071,-0.2049089684258855,-0.4428592828637291,-0.2970408452901197,-0.453270820294104,0.1111592312584617,-0.5224724363335651,-0.2905786732093756,-0.6478858866394478,-0.3200355419756163,-1.7868206461735952,0.0,-0.4096013355713619,-1.2895471950864708,-0.1615713654277656,-3.773861006195368,0.3057631717527977,0.6030213037696479,-0.1152381026642633,0.5602933514875459,0.0,-0.6269718016826326,-0.2513720153090324,-0.6529104538598492,0.5288641236529514,0.2777404040978483,0.2434335775027722,0.8457426189355833,-2.1491587119055104,0.4504377186470989,0.2397290739919794,0.992491714484756,-0.5603610808847499,0.4539865155539647,0.1958178474020148,0.2398848469526592,0
-0.688820331565685,0.0,0.0,-0.8769627842569131,-1.0441969937725482,-0.2092505409415904,-1.5061749039392005,-0.1809895912584241,0.5271628100769112,0.003643962204308,0.6536444154335628,0.4220318689045393,-0.8377640511124574,0.0237906255021625,0.0026062284733236,0.1980043181536403,-0.2944298082942134,-1.298622029914822,-0.2637092916448508,1.4656774624541995,0.0,-0.344625007030677,-0.0539529490946854,-0.25439360619115,-0.0741336665159515,0.3576450324595978,-1.0392943482125454,0.1788304165213532,-0.2457241156532269,0.0,0.0107123961873036,-0.3281654084381777,-0.6573401050058462,-0.4270824691541032,0.2970167419048136,-0.0072514700051455,0.7226418932417238,-0.3579423236469159,-1.119708162773441,-0.3056012068274459,-1.2527235461397306,-0.6843427514607551,0.1788032623767067,-0.4357199939560718,0.1685771624265454,0
1.0973311520318818,0.0,0.0,-0.8269983983245746,0.2833991642983345,-1.762835125843291,-0.4992788406899021,-0.4286917204548698,0.4149275690794429,0.0544068665153694,0.2985997976168005,-0.3615215579799638,-0.5906301992195767,-0.765195832610968,0.0009028594284901,-0.4822928518117779,-0.3124433272089656,-0.5267468393696367,-0.3200355419756163,-0.5578486258899843,0.0,-0.5536998916979017,-0.225976597511485,-0.2434087256274359,0.0077539751123811,0.8677729677471459,-0.6694174354143682,-0.8637036914748654,0.7446192916416068,0.0,-0.6688735268850714,-0.3112049044341947,-0.3554361564274361,-0.621581307645831,0.5930238095008173,0.0044249216153981,0.91586810092988,-0.6110166630523253,-0.2869945791169628,0.767268876681142,-0.4818079643324274,0.6989640250761843,0.334618457417942,0.170326808941727,-0.7423483701490985,0
-0.4364839763247302,0.0,0.0,-0.9106574629244628,1.279096610978459,-0.3647763510314659,0.5116874118587328,-0.3722279756329103,-0.3745393803740754,-0.4052918016121603,0.6750392917848624,-0.3940566511655409,0.0354074683962935,-0.0863004395165231,1.2360643294966045,-0.4348271040044409,-0.3042337414286157,-0.0579307417138859,-0.2918724141873378,0.1822822917978759,0.0,-0.6185519440988348,0.941428228856522,-0.2280298928382361,-0.4726727145695303,-0.0896742883111517,-0.9644977094975138,0.3557561665204215,1.6699801068165303,0.0,-0.0114962614124882,-0.2603233924222456,-0.2586997134384834,0.7715249680055468,0.4452623453253614,0.049947887422826,0.8965312016670967,-0.6260811680396697,-0.6286044216137722,1.1239909714833165,2.5041840942580547,-0.6983502721846967,0.5731009348207601,0.2641146103243159,-0.1625522541476305,1
1.2895596791313502,0.0,0.0,-0.7781114041253181,0.8450749162733477,0.8562525182737931,0.6207977711350734,-0.3733658791418083,0.1414552253391552,-0.2904178273419384,0.1540284352344449,-0.3235639546502422,0.3458064069896153,-0.122997461189419,0.6131436075971333,-0.4077946800443125,-0.3115093870750089,-0.700811351217175,-0.2355461586107809,-0.1391993132191851,0.0,-0.5772848240162004,0.0074246188957897,-0.25439360619115,-0.4128773827240038,0.8394410822695441,0.4993443746462116,-0.8753192919092602,0.345290979873655,0.0,0.1373895042935166,-0.3083781537668642,-0.2486252507805015,1.2545737859829926,0.3800623579269235,-0.2269901880912069,0.5936798762404183,-0.0939187604546895,0.4249866144942569,-0.213781229243849,-0.5127232804118922,0.2635685309570756,0.1579890509282576,0.3812995026670131,-1.048375793914689,1
0.1079968099329083,0.0,0.0,0.3090783049658563,0.1812764663117754,-1.4232357218501543,-0.2879918357087851,-0.6499193547486429,-0.0828473943946277,0.2537936378690669,0.2627888402367208,-0.1256421404647072,-0.0573359484172238,0.2256247368489682,0.2458810052866612,-0.2260444906815685,-0.3175864321187929,0.2711821727588339,-0.2637092916448508,-0.3440566333742902,0.0,-0.187016071759257,0.6927652308031452,-0.25439360619115,-0.8306577588915376,-0.4350217581054152,0.417929102643947,-0.8755262302843242,-0.1660191419043693,0.0,1.570550783901158,-0.3149739053239687,-0.1649120389251324,-0.689488779998926,0.1909723066315187,0.233150525089096,0.0029911735032752,0.8790466552674754,-0.1605442968218934,0.1198407152811431,-0.5491234781769648,-0.4683205583532385,0.511106802718324,-0.5035396403987904,-0.1380484080828297,1
-0.9533528261542836,0.0,0.0,1.0115044542011116,-1.069727725334747,0.4492194893539004,-1.2143786772716545,0.078758057870528,0.9158736016056448,-0.0715432976470216,1.3854618774024463,-0.1500434684340675,-0.7550070874054543,-0.3248310803903433,-0.2221418263535074,0.0996390815111795,-0.3010390460234814,1.5759258501131923,-0.2073830255767108,-0.5080369704534071,0.0,0.9352160744126304,-0.3386346454916978,-0.25439360619115,-0.0221412570104647,-1.1240952252211178,-1.039137720686918,-0.8581297978523797,-0.8349084328064671,0.0,-0.5776612351448531,-0.329578783771843,-0.5273826975306916,-0.7276439913256685,0.0738119794843148,0.1517126439079167,-0.5788877187667366,-0.4839461279654437,-1.0192002454298985,-1.0012783165629924,-0.4461670277719873,-0.711420357978356,-0.1201076583511313,-0.44324034292795,1.0686220996949705,1
-0.7386402680913751,0.0,0.0,-0.7696647165626895,-1.0952583998313854,0.1065349059571033,-1.3340589148515372,-0.0022860169398356,0.8007473342734114,0.1339059108198826,0.4957190734392258,-0.353387776603392,-1.271782006611932,-0.0129060680734793,-0.7815355681752898,-0.4822928518117779,-0.2810071213704108,-1.002963710775287,-0.3200355419756163,1.0924643888236971,0.0,-0.7872742917717782,-0.0103389090870686,-0.25439360619115,-0.2776595150818914,0.3928399119199302,-0.7225607832382656,-0.8420713763069323,0.9062784629540552,0.0,-0.5900690969432696,-0.329578783771843,-0.4573104246207335,-0.1403366519892058,0.3983249962734042,1.060045514212177,0.9614910373303144,0.4058273986497274,-0.5095401934509595,0.378083860608593,0.6000642727320513,-0.6879282040584322,0.6324727755836014,-1.3735788308391488,0.1671183882691897,0
-0.3991642871979183,0.0,0.0,0.0828064104610154,-1.3505654015927977,-0.60406280706481,-1.3650588585506018,-0.2443687517907094,1.322718713113234,-0.8301975644537986,-0.1795197056778168,-0.2124023997331494,-1.1705321920891498,-1.572531047633487,-0.0963806539055044,0.540833737874917,-0.2869358335061659,-0.0464248767427809,-0.2073830255767108,-0.1361439402207209,0.0,-0.3496321447930746,0.3364681553189128,-0.25439360619115,-0.4795988137467382,0.6579295649321215,0.1438484208658255,1.8890509238253037,-1.1523448711347464,0.0,-0.7430866477539594,-0.2367671368611581,-0.203040126504074,-0.652060839241782,0.0209420642527961,-0.5204572267716367,-0.7201810331257583,-0.0285539239563923,1.1135213130048245,-0.3684420042914137,-1.0224801598835875,-0.1486474664190542,-0.095030414999052,0.7739857490122785,-0.0759304345481369,1
-0.3608600528645301,0.0,0.0,-0.3358220339203975,1.4322806579582965,-0.0793950618974356,1.405356769225796,-0.4349904922500476,-0.1284366711774221,-0.0145032029929602,0.4196416524476196,-0.269338804727732,1.1715520763047382,1.2347938171453512,0.3497698340146658,-0.2939132055096956,-0.3092143581029776,-1.552569827121136,-0.2918724141873378,1.449106834552003,0.0,-0.5356954789724129,0.5786841763140659,-0.25439360619115,-0.0701172925958985,0.0601071499066806,-1.0201020386264672,-0.8153357890828743,0.1850014347124651,0.0,1.2340523876737308,-0.329578783771843,-0.6273501798141534,-0.6840628601332819,0.1107987277548743,0.3858285084251099,0.4440967079513459,0.3239306455653027,-0.776605625034366,0.826853849393031,0.378161550161818,-0.731149781452085,0.3465824355952529,-0.5560335219031235,-0.6292362157435683,0
-0.2230337326965565,0.0,0.0,-0.883064602999537,0.7174213155279149,-0.0196809683661824,0.0305984030969997,0.849690934504903,0.016974071077922,-0.2864755793292629,1.0948613993483574,0.1725962083496313,-0.2323835296707408,-0.3248310803903433,-0.3413596893441172,0.6532293477456885,-0.296918260972559,0.9746791542239756,-0.2918724141873378,-2.916442514133786,0.0,-0.7873866612155059,-0.4604074935234656,-0.1544311930613514,-0.3252627685861268,0.9903107637684974,0.8811802034376576,-0.8432617198736678,-0.0563875937037945,0.0,-0.6772957507817619,-0.2047306292980791,-0.5910104019480351,-0.7173637585212121,0.2855094623939068,-0.1174725061462971,0.7948518728688544,-2.7194387754562794,-1.8378577987302989,0.0955030569534008,-0.7802674491909213,-0.7651958044497432,0.5669878311651256,0.18639516699999,-0.6256872661591512,0
-1.098021314086796,0.0,0.0,1.7183381938384616,-1.8101179705240025,0.4764316786696371,-1.8466969974560168,-0.3242586763121568,-2.463533231382915,-0.2838723882946437,-3.6201845184954458,4.497052314638605,-1.874701370236696,2.167973604816273,0.0572033976646777,4.18977634792903,3.3941639579889444,-1.29265962073504,4.608511852447866,0.2868553009838586,0.0,0.5454849838980267,0.2291187643788775,4.457021667585838,-0.3779825139235999,-1.6863450306919854,0.7020986519206813,-0.8812507608251479,-1.4483755625019528,0.0,-0.1513851302654239,3.058281891023765,-0.8143213180718909,-0.1293849111626857,-3.3543794279935364,-0.2069055794286593,-2.2098590253224373,-0.6819118822481993,2.3030512323012333,0.1743378660288466,-1.7301201706516445,-0.7850176698481771,-3.319170621734307,0.2375772682400163,0.7810782688014752,1
0.8531831154640518,0.0,0.0,-0.0013852494022656,0.3599914160504885,0.0439360453400189,-0.221501566677218,-0.636182911879001,0.5137902767914937,-0.7769198820884469,0.9572140788918057,-0.3344089749385312,-0.0201486043609759,-0.5633620493614167,0.0057829736882402,0.0493127427574562,-0.3046713600581567,1.1866565290704671,-0.1510567804917369,-1.4405927293124083,0.0,-0.3671792659743869,-0.3676025403111057,-0.1802456623860796,-0.3555461302717283,0.2108628988946096,-0.9003639021987162,1.4319669824710533,-0.9626864280141356,0.0,3.039338749515236,-0.2966000259863204,-0.1701347314877736,-0.7074810697763612,0.4994509330594706,-0.4432519792361863,-0.7549666332264823,-1.540221663747742,-1.0378189350595295,0.5810837106284377,1.816428289777803,-0.5138769721158682,0.5213048033141755,0.4540946790420994,-0.7371755789847947,1
-0.9194868942197671,0.0,0.0,0.2512443543480386,-0.4314601781320486,1.977262475209651,-0.3602180378505443,-0.0196570741354532,0.6539495608146465,0.3632186481720252,1.3276322019644755,-0.2883176063925928,-0.1938328587764261,0.0421394644358645,-0.0396513098699976,-0.3036909533185222,-0.3026865366105227,1.031086432730389,-0.2918724141873378,-0.0077641280581785,0.0,-0.0832957264403003,-1.4394258301994978,-0.1912305429497938,1.9751234865492584,-0.1088828088675326,1.9690964153714576,1.893575115057773,-1.0397528981139046,0.0,0.1916337002475705,-0.3281654084381777,-0.4649199185791962,-0.7016990147179477,0.2197474846868389,0.4296501479084653,-0.3892286972741821,0.0967418624391287,-0.9179147490823782,0.064134654357996,0.7877064128828881,-0.5917735276334419,0.2731225606700285,-0.5899160066449872,0.5092816098906345,0
-1.024931290761789,0.0,0.0,1.881000667305164,-1.1207890743280255,0.2578330401453296,-0.9895243610859016,0.2699096005853678,0.5901313797544173,-0.3200685140384914,-0.2157932496611236,-0.1147971201764181,-1.0997699280150364,-1.4624399005904878,-0.006637686312236,-0.0272952884398197,-0.2946932267672291,-0.6192615062950698,-0.2355461586107809,-1.4256832462215585,0.0,-0.5606470767437313,0.0621527172240015,-0.1632190975123227,-0.8088810312987523,-0.5507231026630873,0.971685336948142,-0.8242990361210212,-1.1581218313285542,0.0,-0.721269621778723,-0.0765845990457629,-0.680860832800511,-0.695773073479525,-0.0448590402290276,-0.2281085343455113,-0.813009625190377,-0.4196302242068687,0.8575243537189828,-0.0589947968662185,-1.3721073234763643,-0.6710987384522763,0.0280486375016962,0.4421127302139485,1.1220615326159546,1
-0.8539630665668321,0.0,0.0,-0.9005963236420167,-0.8399514266027537,-1.762835125843291,-0.8921120813956391,0.4309827981356587,0.1726940375787436,0.395366231157488,-0.2732133747001349,-0.3100076631295259,-0.1301306561086786,-0.6551046035436553,0.3977260464654014,-0.5311182524774706,-0.2942348482295168,-1.5385174585063108,-0.3200355419756163,1.5931894488143694,0.0,-0.7781031591591915,-0.9906905180033247,-0.25439360619115,0.209410269029839,0.2654741318435203,0.2413603681640775,1.8889354267233969,0.7700604966922748,0.0,-0.5495788178329788,-0.3281654084381777,0.0026945418093559,-0.1943331874313482,0.3298666194489389,-0.4848675378101886,0.9043494387693743,1.5040109366424237,-0.2464517869189389,1.604055701669675,-0.0448490724102382,-0.5977436455772279,0.3656455893957265,0.2804370128708142,1.2558665764325156,0
2.181915844283701,0.0,0.0,-0.928749747202267,-0.3803988291387684,0.5228805247696947,0.0246723715939764,1.4347597043679574,0.2798243132463637,0.1046573855832758,0.1857781430367937,-0.3100076631295259,0.2492523964436662,-1.425742878917592,0.4875429374667569,-0.4324961976834468,-0.3070443814664308,-1.5643900977342426,-0.3200355419756163,-0.1137486050350723,0.0,-0.6525232361926835,0.7885619475019395,-0.25439360619115,-0.2088179870477478,1.162862678519227,1.0115854613237787,-0.7320567618542576,0.2882009249988787,0.0,-0.6354240411417889,-0.1910680010726483,1.1979192675486603,-0.5887868042395785,0.4624279011065647,-0.978285278223316,0.8879754793358597,0.20769694146579,-0.9904802679877016,1.8055753950015927,-0.571698711807232,1.5555290587272714,0.3016178251475129,1.5080293128237987,-1.4807897843155606,0
-0.4568008489254865,0.0,0.0,1.0654255355064692,-0.8910128326615926,-1.53738150833105,0.5123978650309758,-0.5305833489309706,-0.1275596092116503,-0.3774815724591954,0.3820613965607144,-0.1147971201764181,0.0050770870153162,-0.0312549070071801,1.6035766371408424,-0.1066990873602703,-0.2726775710359151,0.2375634768326047,-0.2637092916448508,-0.5917849841106367,0.0,0.4355002281333746,0.0939564294626407,-0.0418361672832817,-0.379953682914717,0.1172732255148808,-0.4870633195255774,1.5000671692107213,-1.2736517473478033,0.0,0.0650169805944141,-0.1656272450666738,-0.5048042889895854,-0.6907259327501531,-0.166378461741299,-0.0039092546831593,-1.4913364944823395,-0.9870450219915746,-0.0862896844438364,-0.5999998657246067,-0.7899245309803152,0.1267305974295506,0.1793996075968667,0.0695367694503247,0.25382261080968,1
1.5685017224035986,0.0,0.0,-0.9007690900074824,1.1514430102330244,-0.0793950618974356,0.5425048132661758,-0.2285464320025828,-0.0641412568027286,-0.57024938471579,0.4219752990976649,-0.3750778414205026,0.4441944674117188,0.6109437925116231,-0.0716064385799424,-0.5047350356475412,-0.3115327845124969,0.9689120252757116,-0.3200355419756163,0.2035706264480823,0.0,-0.7903119875949346,-0.587510223399067,-0.2439579696556216,-0.3123162761914687,1.1390763246297937,-0.9002303917154267,-0.834279118437793,1.699832031203387,0.0,-0.7384810455560622,-0.2819951475384462,-0.2381909703753499,-0.3215651535070837,0.464276810343525,0.410653891713191,0.9639717987146504,0.9324179223600032,-0.5472372968339517,-1.6816078999851776,0.6094309852702804,0.5260697288886597,0.5312297239153518,-0.5497450314843056,-0.5432476529378643,1
-0.975202038803949,0.0,0.0,-0.6454695105730626,-0.8910128326615926,1.7482599505218386,-1.1858206453943705,0.1067757872390723,0.8861548999594192,-0.3623154061898169,0.4611357476730078,-0.410324189678152,-0.7183572324345834,0.2072762260125202,-0.1703669409016713,-0.5176978954764777,-0.2840716663902538,0.068866489797752,-0.3200355419756163,0.3660376185949091,0.0,-0.6613133545324978,-0.0866927386261729,-0.2181435003308934,-0.36391949024809,-0.3778759649881885,0.2064885010731326,0.4550467284013731,1.7149150478743596,0.0,-0.6179614156928597,-0.3262809079932907,-0.1317615335779581,0.9562605739417632,0.4859992695005392,2.0296680952718367,0.9517489610408404,-1.354500385793097,-0.7417295581285288,-0.2820356911278896,1.6395124578524949,-0.5317707786835952,0.6549082864706355,-2.060660914571476,0.9522185212419216,0
1.5022880282966595,0.0,0.0,-0.2068796340537986,-0.2527454566555695,1.131235772698851,-0.5155993639803363,-0.32566245051471,0.2188050559324159,-1.2787894224216838,-0.0653987088118031,-0.4021904163817577,-2.018912671670394,-0.4899680060156257,1.23838244533736,-0.5171387239337244,-0.280883402957799,1.6849837076156484,-0.3200355419756163,0.233318305877314,0.0,-0.6988358187155433,-1.124913481153632,-0.1428970684694516,0.3306775923460652,0.5232580816872877,-1.0373174858662368,1.8720898249233944,-1.248334004245492,0.0,-0.3718773975034319,-0.2254601341918361,-0.0928069818562895,0.704898499616548,0.3088525698596435,1.0170586458055064,-1.2617724336330545,-1.2185312867558404,0.0985503393865125,-0.6859018163633198,0.7159125532585332,2.0446585843621308,0.5262012542120764,-0.6260914563502997,-1.5112147809153127,1
-0.4478812064908365,0.0,0.0,1.3232584009052892,0.9982589632531867,-0.3823921549095463,0.9717716235874132,-0.5127732094031152,-1.5164313997684176,-0.3372926782057568,0.3427574729788175,-0.3560990478358193,0.8148309437222766,-0.1596944828623137,0.6821073877769209,-0.2207721818624377,-0.3028484380763959,1.695215466348156,-0.2073830255767108,0.9074669312347762,0.0,1.9307706490782848,-0.4624137186042339,-0.25439360619115,0.6892086196490148,-0.8608060814847884,-1.0269085866893004,-0.866816207833731,-1.1625724508350694,0.0,1.2065411593690205,-0.2579677668661369,0.588660348653607,-0.7384309195073036,-0.4449958659405683,0.6875045966210153,-1.7260056246950533,1.187695897909931,-0.3199064729105708,-4.39077906956696,1.6533561876295002,0.1665759090884508,0.4238943660745053,0.2709638563003645,0.6970433996741929,1
0.7625000225878583,0.0,0.0,-0.5025297989067395,0.6408290637757609,-0.1376916405675504,-0.0137994036315301,-0.6758552950981911,0.2995798451924159,-1.033347468620526,-0.7285338927306679,-0.3805003596448246,-0.1405976903273789,0.2439732476854149,-1.4440316707253975,-0.5505778031254607,-0.2926112606797622,-1.2226082270757357,-0.2918724141873378,0.4072110188240251,0.0,0.117983621089375,0.7944233006504638,-0.25439360619115,2.154854576696664,0.3699154386963087,-0.978692338596035,-0.1903141729001103,-0.2157471958089292,0.0,1.0719819288264418,-0.1736363719574435,0.6630773588231069,-0.7432320640749494,0.4869018999593639,-0.0463293968561781,0.3398639050967857,-0.5701158090814371,1.077760127949288,-0.575159578076606,-0.5841047110769959,0.7858199380021339,0.037124478251879,-0.1496290732287608,-0.4284664740574139,0
-1.037413364372745,0.0,0.0,2.1440687619009515,0.6408290637757609,-0.1139142550639494,0.2940730712700096,0.2971462266978042,-1.2198836100021948,-0.283743746105727,-0.0111986773620944,-0.1446209582899229,-0.0936291203435262,-0.453270820294104,0.4343889677385912,-0.0753191279028042,-0.2603346614274328,1.7106959202425047,-0.2073830255767108,-0.4474628483415677,0.0,-0.5868425521653203,-0.0042047776304852,-0.25439360619115,-0.3458729693263033,-0.9659647875553428,1.711267615509275,-0.8756475775214303,-1.1007292990204236,0.0,1.2021163652021682,-0.159502618620791,-0.5059548372549371,-0.6024589528482548,-0.5915513708131137,-0.2341064446779995,-1.5583460963065785,-0.444433870518043,1.082104923140895,-1.2518329664950645,-1.2156912119408414,-0.5789507710189106,-0.4032061623012025,0.4012885587616269,1.3451142736323414,1
0.8760934666177985,0.0,0.0,0.1713011713285386,0.7684826645211934,-0.2092505409415904,-0.0103262621282432,-0.6518299498743167,0.0545780182117989,-0.6252559931588235,0.4261397590965176,-0.353387776603392,-0.2857853891908688,0.5742467708387279,-0.5415393956134684,-0.4613994360637726,-0.2926131813722273,0.1617230285770709,-0.3200355419756163,-0.8033693165591481,0.0,0.2934153919719164,0.59493793226967,-0.25439360619115,-1.2529760644711998,0.6613272577718646,-0.6575247281605617,-0.2290366149879652,-1.0453080492390217,0.0,2.426014681883274,-0.329578783771843,2.059432636650624,1.0946532516276115,0.4262215902659415,0.1047523050935512,-0.5165028866101997,0.7574765450536937,0.0894456738506448,0.6800574900029324,0.0043263760000337,1.2665580292812746,0.1332513490927364,-0.4204061779336804,-0.5197886825266987,1
-0.8347972005344921,0.0,0.0,1.1016016272303577,-0.0484997182891,-0.4953749648015826,-0.0553331588327945,-0.0648362248284106,-0.4063520589442734,1.0023406651225917,0.3199960155247007,-0.269338804727732,-0.5766032800164828,-0.4899680060156257,0.2100784422046981,-0.0429522716180978,-0.3067444933073627,1.6071643776171358,-0.2355461586107809,0.8893118945737437,0.0,-0.5715457965325695,0.4208269057085746,-0.25439360619115,0.5366520194128029,-0.2686229501533452,-1.0673750649396612,-0.8603606372734389,-1.0844139486624425,0.0,0.3886890837895245,-0.2179221324122881,-0.2731764221580111,-0.715616028107467,-0.1646505980200258,1.150450074194055,-1.0246734713725965,1.4988841702882152,0.3695539933941333,-0.5391080567800501,-0.0098187665255244,-0.6449626849622412,-0.0789182431940173,-0.6275099633715672,0.7855230442077576,1
-0.3598040767697714,0.0,0.0,-0.9131208813029412,-0.2272146680278132,-0.34616433701877,-0.1241445649746396,0.1819943956424701,-0.2148659635257353,0.4021520932718061,0.3027001312101558,-0.2828950800880933,0.5068118338346154,0.9412173156649352,-0.7140659343637727,-0.1469601583632488,-0.2921191565817903,0.0676683083449144,-0.3200355419756163,1.6000781567019593,0.0,-0.748934730574077,2.261966740799118,-0.25439360619115,0.3178979023384323,1.0334050474601932,-1.0500067747018806,1.8939723651762908,1.0092124536299412,0.0,-0.5132685631241933,-0.329578783771843,-0.1166823782820895,-0.6844119197059253,0.4337125735718767,0.7204993600227453,0.9459878019883868,1.8138324805530308,-1.4065399151891995,0.3217356473987025,1.1952503267293726,-0.5977436455772279,0.8563664968139322,-1.3449053799847597,0.5529674186121835,0
-1.2561382042483316,0.0,0.0,-0.940917604666216,1.0237896377498268,-0.0166265090988317,0.4408567000178397,2.5524398504066967,0.6889595673037077,-0.0827301044934327,-0.2433591969369955,-0.3072964080574536,0.4744246997217655,0.2439732476854149,0.3081102816091677,-0.5377297712921071,-0.2894208046849313,-1.5499095348853225,-0.3200355419756163,0.4494182998897383,0.0,-0.6933014375698268,-0.0175225912723241,-0.25439360619115,-0.4570879638874273,-1.736249598929994,-0.552226217759939,-0.8131058077769904,1.137108037156832,0.0,-0.6879770030821374,-0.325809782882069,-0.6634467550038318,-0.6884407523371875,0.4811960018912084,-0.0469118654852088,0.9298679306907652,0.3859963580735074,0.4022820402791439,0.7976874831817167,-0.3406351175262216,-0.7797666465646046,-0.2301950657409648,-0.0029858156118779,2.153219342642995,1
0.7275039444328015,0.0,0.0,-0.902751217028958,2.3258554066518617,-3.881797487977068,3.482215916091077,-0.5076142278396762,-0.2055703543767396,0.623954564334698,0.600659870038627,-0.3316977198664589,3.212092757232857,2.280659591017377,-1.0951374990596994,-0.3468278236779605,-0.3056500076342653,0.2716034396449203,-0.3200355419756163,1.3582214267685753,0.0,-0.2517125929433749,-3.935710186561008,-0.25439360619115,0.797659485479924,1.09739931129501,0.9667891145908456,1.8898019878323704,1.7614649765369426,0.0,-0.2009180442287317,-0.316387280657634,1.2486907924252988,-0.0780965325905112,0.4190301935408905,-4.913479511031234,0.8593287176550497,0.5891434239910566,-0.4449665159954638,-0.246530995867682,1.682251623124562,0.7214763900592188,0.3423121697844789,1.9917137487656549,-0.1878365694273559,1
-0.0958244867551816,0.0,0.0,0.5339918372986123,-1.350565373060019,1.219525444452532,-0.6605710867847416,-0.5764323386413942,1.816968651046334,0.089480517678678,0.3700692221100519,-0.3398315012430307,1.9444197083096595,0.7760803900396521,-0.94929550032755,-0.152999367008678,-0.2202186717753308,1.3708134639979754,-0.2918724141873378,0.0366960670346755,0.0,1.745231581608259,-1.8324601065980928,-0.2324238450637217,-0.4213776215001611,-0.0659986117181419,-0.8549019431320848,0.1645591186418757,-0.0531146802399248,0.0,0.8378498217484475,-0.2697458946466807,2.2116630883727453,2.270262696533808,0.5948250541222619,-0.0053866572834186,-0.7867607568208055,-0.4375827470793575,-0.6699723573265016,1.033413701563939,0.6504677912666155,0.3182133358429683,0.4941979968890878,-0.6184283605076021,0.4402885167101549,1
-0.5501406862076987,0.0,0.0,0.4787484995635959,0.5387063657892017,0.7545834957254811,0.8790070330835007,-0.4482333474609385,-0.228591014120481,-0.1185111443702356,0.356167189795689,-0.2557825132070157,0.487040345999144,0.4458068668863401,-0.1485854610247746,-0.4033287169277061,-0.2779223523586241,-0.2674806265957205,-0.2918724141873378,0.2812188422475628,0.0,0.9269513390348806,-0.2367909529094862,-0.0346959949168675,-0.2723440129634683,-1.221287169158186,-1.096899503808529,-0.2488668765860518,0.0785426878732723,0.0,-0.3840808676145799,-0.2541987659763629,-0.7524940710936845,-0.7598086502598357,0.3768917104431481,-0.137503968290644,0.3891228813123809,-1.304250629373853,-0.9298234310602728,0.6254398815388225,-0.4081555588262655,-0.6196686450967931,0.677875037413536,0.1193248349422981,0.6977481736676854,0
-0.6048906182814414,0.0,0.0,-0.6069188714192596,0.1557457918151353,-0.6472231357161107,0.6737841889316439,-0.2124373303426484,0.053215537317347,-0.6023531450361881,0.0171485924778298,-0.2584937682790879,0.828213727402045,0.2990187801947588,-0.6271848207504138,-0.3038600756380354,-0.2816862367610038,0.860071005596299,-0.3200355419756163,-0.3719664620533112,0.0,-0.5635184509068006,-0.1497437716323902,-0.25439360619115,-0.7098309805269774,0.5157132454462752,0.3426552035725632,-0.8692986388231616,0.7599516048082535,0.0,-0.4059650712772397,-0.3173295308800775,-0.7477617387772626,-0.7418754126871925,0.3040591845654952,-0.4855888438881658,0.8804056433448517,-0.0097908318206045,0.8141191426983033,0.5736274646431112,-0.3326069100862706,-0.7453229058426993,0.5834404487251114,0.5168494920751614,-0.3592803922348503,0
-1.2521740302960018,0.0,0.0,2.0390823669519444,-1.8101179705240025,1.24045609732478,-1.3973882140327711,0.3579576098526735,-3.12238472788025,-0.2829321004518558,-2.1693684004106437,5.147754049067308,-1.8806333543004696,-0.1143635819486437,0.1741047807290895,4.198084759346102,3.8013446268829343,-0.7045306141295814,4.29871739956468,0.2186942670308605,0.0,0.2250987700911491,0.2295029896662965,-0.25439360619115,-0.3757406893625832,-2.4120262656052778,0.3216658035332506,0.4389021806961576,-1.465408515542541,0.0,-0.4189936566940925,5.4280412004691705,-0.8170068011553108,2.599140706781031,-3.4111196740381,-0.207362510626093,-2.2758898115044723,-0.6817786916939762,-1.6969365483079455,-0.6187505391770153,-1.7122867802339627,-0.805847168136725,-3.819541787341826,0.2846153844119383,1.428148672448072,1
-0.4737002592321458,0.0,0.0,-0.7076212269200188,-0.2782760170210918,0.6036130429912234,-0.4270996021516196,0.6606657284316904,0.6823542070372467,-0.2498717449387848,-0.1029818624609649,-0.1852898166917169,-0.2934260687567822,-0.3064827336025224,0.4011783742551805,-0.0402682722103729,-0.2981424774906893,-0.4591630538270215,-0.2637092916448508,-1.0905839889989395,0.0,-0.8758176925867257,0.1646426005550466,-0.1654160736250656,-0.6367053254251401,0.9267782396047316,2.02915634947272,-0.8731896203668535,-0.2171665886700946,0.0,-0.7993754752369431,-0.2645635184232414,-0.7713796600144728,-0.7468476594305337,0.6397944694149713,-0.1516025307691573,0.6026657813628808,-0.4000401492555748,0.8645943084006231,0.7641690403388014,-0.7375297785275297,-0.615720175984025,0.1399698403524613,0.1010575562902747,-0.7842702929358795,1
0.4150371096625154,0.0,0.0,-0.8503219578843223,1.3046272854750975,0.0387896910763503,1.2789646599269229,-0.5211169267129252,-0.2590474119879194,-0.1854513000921057,0.4790472275929065,-0.0063468203313977,0.3628568423274187,0.4091098452134442,0.1579973833023811,-0.2036917274975377,-0.2808152203311882,-1.5832377159760114,-0.2355461586107809,-0.0909343177538331,0.0,-0.47088807668157,0.1553162878827108,0.080096006973945,-0.1468374927952368,0.6965273956557828,-0.953885210932327,-0.8124125703313465,3.355906800183641,0.0,-0.5111760496265685,-0.0459614668163491,-0.5664944834041152,-0.619570734433517,0.5594584403485439,-0.0634814351750274,0.9444053873866712,-0.9944301530113556,-0.605387964117948,0.6388670172078906,0.2430112289935428,-0.1599751290961485,0.4766205067682545,0.0417835718254339,-0.2772996200777692,1
-0.2651321271716731,0.0,0.0,-0.8857713827463124,1.279096610978459,-2.111599370502111,0.7006241005413649,0.9754869221027094,0.6741977289575208,1.1717808154437614,0.4357882252226315,-0.4889506635299337,1.211055171585021,0.2256247368489682,0.3211750108245923,-0.6737096880981241,-0.2962277739872696,-1.439965272597454,-0.3200355419756163,0.238348653830871,0.0,-0.9731214450014276,2.264983684488441,-0.25439360619115,0.7896425389619364,1.1876731730022594,0.9509127889750156,-0.2839044368927209,2.293970392854813,0.0,-1.004245982191901,-0.327694283326956,-0.2045257395370928,-0.5834087582743877,0.4683222225550997,-0.8014779699686028,1.0051507315872268,1.9361860376359583,-0.4846694495990851,1.6080282065042562,2.466745807737485,-0.6031805572763655,0.4734543160352899,0.4609558772680632,1.044624044755203,0
-0.7409855295756984,0.0,0.0,-0.0897812626160754,0.3089300670572083,-0.3087662282209629,0.2409670776870151,-0.3477780391563952,-0.8770219702677677,0.3579675400395604,0.5322469765539618,-0.2205361649493663,-0.0821229554962397,1.0146113590107255,-0.0894276018282675,0.2808140810057676,-0.2920637009876337,0.4905446526667506,-0.2355461586107809,-0.0953027739077802,0.0,-0.5212072624165499,0.1896631410214188,-0.1610221213995799,0.2069373876865246,0.3426727981043204,1.568246026828931,0.7730413709275857,-1.1215806245792377,0.0,0.113937344820136,-0.3291076586606212,-0.3173686174900891,-0.6078480612043018,-0.1312532539164468,0.6412054883092337,-0.9607298866989414,-0.0662970206595685,-1.3113192755744187,-1.1148526110886687,-0.7257393919623868,-0.2123444481302784,0.7526826796634738,-1.09995985784454,-0.0500770039660897,1
-0.4846463053589623,0.0,0.0,0.8637398928615161,0.8706053625077526,-0.2052554603577136,0.8175038636282185,-0.45508403809603,-0.7437435671039994,-0.0165136324223053,0.4543703403433423,-0.342542756315103,0.7434717060475026,0.4825042166564895,-0.2616516209474076,-0.3643701697555003,-0.3118472059764139,0.9037273367723307,-0.3200355419756163,0.1335312683072282,0.0,0.6648202168841286,1.8858722833711532,-0.25439360619115,-0.1484658215965626,-0.4919088868624492,-0.3615469608675012,-0.8000895007411418,-0.2448327128632158,0.0,-0.2397603260283931,-0.3210985317698515,0.181456837532076,-0.7242152705421881,-0.2249250134543368,0.0753356559353732,-0.0694314602232002,3.0691708433497595,-0.5667711377245958,0.1300726883574739,1.5130781962478752,-0.3717523001701467,0.680689931530834,-0.0718801443539472,0.5082558620395587,0
-1.094337605799637,0.0,0.0,2.208101727092367,-1.8101179705240025,1.005906393737641,-1.5763897679609586,0.117503378858284,-2.985393562135233,-0.270535902878969,-3.2889893247608537,1.631252794594327,-1.398783463168748,1.3229102404756408,-0.1417013166581995,3.262439374146882,3.789637525157345,0.6040921677914152,2.9187240802353283,-0.8123409450818904,0.0,0.5709796386333208,0.2197552082470303,3.209139235547913,-0.3669984121409402,-2.08415535439899,1.4669520658239386,-0.8796605268105123,-1.4431814008619976,0.0,-0.9634396910214224,2.4491171222140418,-0.7794466381989172,1.3777259109652586,-3.45765090617913,-0.2064082584220455,-2.3496308003623003,-0.6813297861825581,1.497176045938911,-0.3671836977862175,-1.755251057962989,-0.7515602820606498,-3.4869430131649057,0.2295636397460248,1.429628907066836,1
1.470065744277371,0.0,0.0,-0.2762857337563764,0.7429519900245549,-0.4982143831147664,0.013304960048463,-0.304802685559475,0.0043433532277878,-0.2176452737658414,0.1343723414491676,-0.3886341329412189,-0.4191198741894608,-0.0496034178436281,0.8008350576896384,-0.4791143241033271,-0.2959394569245592,1.3864855175594366,-0.3200355419756163,-0.1761328855450604,0.0,-0.5376712463439169,0.1881552786373479,-0.1176318431729091,-0.1361726742404239,0.6017405545063723,-0.9064933340569008,-0.8740977331028462,-0.9532306373952444,0.0,0.1633501072015491,-0.2033172539644138,-0.2684326594243637,0.7495316289155616,0.1495845883275712,0.1987130497380969,-0.5626669027820337,0.3251210951513301,0.2255097268040922,1.4653022780059612,0.1797773253605948,0.7985981193333405,0.1239892352336038,-0.2178017461255333,-1.470705007383566,0
-1.118350025988525,0.0,0.0,2.029847159459357,-1.8101179705240025,1.2019857094834057,-1.825849968168034,-0.076467766324256,-2.173840247096906,-0.2811621128531192,-3.735658841885065,4.30997539145852,-1.9355674722011296,-0.939465181254582,0.1007042424900849,2.6871343180329554,3.033215851035443,0.996989263431296,3.031376822203266,-0.397262013803297,0.0,0.0321169013532897,0.2390453625511863,6.27447015685234,-0.366165697007285,-1.8732754787350523,1.265757942981294,0.5104497229364694,-1.4469235464050776,0.0,-0.3615624065307651,1.4088728766364167,-0.7921306829455995,-0.0443558486581734,-3.3891735696962475,-0.2075418251911882,-2.0935870198347266,-0.6807065845789704,3.4002759600450103,0.1757920246484877,-1.7027020468455274,-0.7711711885664188,-2.900885765320892,0.2977120697459813,1.0423327799980564,1
-0.8942112904149826,0.0,0.0,0.0555609551532016,-1.1207890743280255,0.4056407817033361,-1.325102124255378,0.2063961158686082,0.0758887644534212,0.1004809303981448,1.027551676799883,-0.3588103029078915,-0.8080372527227293,-0.0863004395165231,-0.9300586730890528,-0.4777722944026005,-0.2933183552004089,-0.2282745184232548,-0.3200355419756163,-0.0104094659974947,0.0,-0.0542069238848475,-1.3169507102097084,-0.25439360619115,0.127876929862054,-0.9605580013041708,-1.012809622797901,-0.8510949046359744,-0.6774416438575565,0.0,-0.7550700037403575,-0.3262809079932907,-0.4411066217335551,-0.7323110174648537,-0.0502217804687702,0.7309243684264495,-0.1046727331719476,0.2365792554134121,-0.8045668561796151,-0.7308767412989862,-0.5011544280652596,-0.5511299540138216,-0.135863560229338,-1.1343995141356007,1.2868861324294896,0
-0.98726619430916,0.0,0.0,0.0310389487547659,-0.0229690437924599,0.9385093404017296,-0.1566319403084867,-0.0422036217193672,0.5438560237886285,0.7005569526379667,0.4166711241608274,-0.353387776603392,0.4522834653018673,-0.361528266111865,0.057045332610618,-0.4670359968030606,-0.3033739430554532,-1.5430219172553834,-0.3200355419756163,-0.9848507247543076,0.0,0.0744519962566507,0.6591428989970853,-0.25439360619115,0.3550953907593593,-0.8576480225198801,1.5696588442722392,-0.4577339825223028,0.148108331029491,0.0,-0.2308356987885235,-0.31261827976786,-0.5287779528828858,-0.6797641743866946,0.4661038397578761,-0.5514775544955445,0.5740539542619066,0.3655583496750674,-0.0626155635460234,0.4717063709269055,-0.0948585124586738,-0.7220854749583906,0.0783559404942658,0.4120331279974134,0.7030575314045866,0
-0.1197065297698441,0.0,0.0,-0.2834393262250095,0.2323378153050543,-0.7086970541988117,-0.1069351599719271,-0.4304641393369359,-0.0599728917492135,-0.2136823386048385,0.4938672513140569,-0.2530712581349434,0.2746308879684487,-0.1046489503529711,0.1161038286820443,-0.0026912006151192,-0.316382634204521,-0.595531750816615,-0.1228936579492498,0.6970001310229151,0.0,-0.8066003477559456,-0.2743409196325845,-0.25439360619115,-0.2322251911943796,0.2281378219781851,-0.2335888304560988,-0.8693343390148057,0.6119641588630388,0.0,-0.4649385049603011,-0.3272231582157343,-0.493085024964237,-0.7419211609629567,0.1547487402752172,-0.1038452300701783,0.7160205717148429,0.1906066972181923,-0.4964262792815033,0.6115751117202236,-0.2974302986194721,-0.6600429450703963,0.4850394183259487,0.0297465059552694,-0.6992419656109181,0
1.497746372356038,0.0,0.0,-0.8691401686752586,0.9727282887565466,0.691580884745471,1.066870105760097,0.035671492443934,0.9709810869420512,-0.3987731893982615,0.1890786942472755,-0.2259586750935108,0.7811884734921405,-0.398225287784761,-0.072429502901733,-0.1663164748036114,-0.2931246038810722,0.4553820125514253,-0.3200355419756163,0.2009222666241908,0.0,-0.7255856996707564,1.2307038604101814,-0.2230866965845647,-0.3244298369193857,1.0171712922465903,-0.2121902095822092,0.7572846704788453,0.5871194599120484,0.0,-0.6769627209696396,-0.1712807464013348,-0.5727393995752038,1.303587883274633,0.3142797078551674,-0.5346386800720953,0.94153059643908,-1.0539441586499112,-0.1697512352145856,0.4542928647868353,-0.7428881166790158,-0.3253449876760625,0.4548695043446952,0.9561969553111772,-1.229489421155446,0
0.1381270539129255,0.0,0.0,1.087690881275835,1.253565936481819,-0.2677021831568813,1.213846154377811,-0.7751152072561587,-0.586121817089224,-0.2292511625608913,0.0815778677933717,-0.3967679062376132,1.4132474079564974,-0.2147400153716576,0.3581287096823237,-0.477436779478203,-0.3046750263901586,-0.2839412673710514,-0.2918724141873378,0.3187564694838827,0.0,3.4824449495107563,0.0597065103536852,-0.25439360619115,-0.3805809049543787,-1.212456523149904,-1.4765682874940067,-0.8764028657954749,-0.1930407293359257,0.0,-0.9271971053262316,-0.2518431404202542,3.065486283692071,-0.6705987811216939,-0.1241076720841388,-0.6406473218991368,-0.5053859721177973,-0.1412159456890155,-0.1224914060139944,-0.9826195029518738,-0.9916332636677,1.248882456911413,0.4095454591357511,1.027681078225519,0.2388960823473303,0
-1.2777484678026994,0.0,0.0,2.0155205250104107,-1.8101179705240025,0.4740062507648155,-1.2629464303535078,-0.2071209122399348,-2.555927109908039,-0.2825034097788118,-2.788493837941958,2.2250181078680926,-1.6322102231488127,-2.007439460494662,0.1324700992073503,3.0702818627926334,3.572496349395819,-0.9474922420590088,3.3130078377964787,-0.5196425924635444,0.0,0.0086421989942769,0.2295848334518263,0.4618206065630109,-0.3610207898009394,-2.194596960765048,-0.4141048409028268,1.0736973022691425,-1.4430307769956612,0.0,0.1030045335200458,2.3275668435188304,-0.822864683515415,2.5994612679630618,-3.0517318984621333,-0.208184111007429,-2.109027342466748,-0.682160867784321,0.704356371365416,-0.2600699232303919,-1.712571186619276,-0.8103135807960837,-3.3978068093400555,0.3394225013622024,0.7050164558937602,1
0.4620260968063628,0.0,0.0,-0.1861380747606428,-0.8144207521061135,0.2393424438142409,0.2022128294133238,-0.6167346776535537,0.3613820982809018,-0.3311244071388043,0.2189339452556952,-0.0524381888773362,0.4090376625721338,-0.0312549070071801,-0.9010339282315448,-0.2116654938992702,-0.3081194098598517,0.6032597292816151,-0.2918724141873378,0.105592657416127,0.0,0.3490070115400817,0.5196563633151994,-0.25439360619115,0.0456671764925093,0.8775779245255245,-0.9997330005401062,-0.8691540126115745,-0.1844234499107026,0.0,0.8950366148085364,-0.3253386577708472,-0.4026316822538512,1.4597191504111295,0.2875728538371566,-0.4923342981440202,0.2187995404344756,-0.2188854084235808,0.3132962287793039,0.6458691636004334,-0.5455420636671069,-0.1213906540346613,-0.0094560062040881,0.4985792795374813,-0.0574020192828307,1
0.9157171706319966,0.0,0.0,-0.795176604823505,0.0280923052008187,-0.7321292038848385,-0.1648037693966896,-0.2149091993089884,0.1316471071198704,0.0536781761437535,0.1682549811467254,-0.3886341329412189,-0.1985044656622964,-0.1596944828623137,0.194310551025602,-0.3860105074183468,-0.2919721492840651,-0.136793564301174,-0.3200355419756163,0.0494188450939829,0.0,0.3982449204423702,-0.4944311483566348,-0.181344150442451,-0.1701795612329676,1.0140455350265658,-0.9987918418057752,-0.3498663462349127,-0.2579372134740428,0.0,-0.5391655616260482,-0.3248675326596255,-0.5686091571192565,-0.0920090237216669,0.2679598236679505,-0.2632908654374644,0.5479145611163534,-0.222264431717515,0.0350916497748844,-0.3236620648679159,-0.4354489398941389,0.4090916065302201,0.3418482954888882,0.2020673904893677,-0.4945361377954179,0
-1.194330168861415,0.0,0.0,1.5975116199943848,-1.1207890743280255,-0.0793950618974356,0.2612601890065545,0.4360302010066492,-0.2225054762920197,0.0659508872032921,0.0212570111856304,-0.3371202300106035,0.2371191236555829,-0.4899680060156257,2.6553927018450096,-0.3669583891763139,-0.27104067555181,-0.6381410139984478,-0.2637092916448508,0.3453774891621873,0.0,-0.0298104758156538,0.0271151908394891,-0.25439360619115,-0.3249734931684298,-2.106372945252017,-0.9097441203167256,-0.871348843699631,-0.0717864553778753,0.0,-0.5784809458626731,-0.2678613942017936,-0.6875019982656705,-0.7598086502598357,0.0937757119530563,-0.2337415317118936,0.3564430036328206,-0.206822615195073,0.7300275300710909,0.0128785961236724,-0.3632243008374108,-0.7699773771220677,0.6059451338492072,0.4069204989240552,1.449568418356363,0
-0.2399492623629385,0.0,0.0,-0.1924838917654805,0.4876450167959215,0.25680610987441,0.0354559390999656,-0.5405530544668103,1.122752555626079,-0.1068230742216602,0.1708835019375312,-0.3018738817529541,0.3723671952645169,0.7210348575303085,-0.3891037809752409,-0.2822822214430046,-0.2789417667300984,0.2325972386992269,-0.2918724141873378,1.055173813035969,0.0,0.5685888112801,0.4644889224538816,-0.25439360619115,0.0619442002275773,-0.043357592565903,-0.1082492106039819,-0.8365884988005398,0.3213276146341601,0.0,0.6059195705742038,-0.3286365335493995,-0.6063712542155366,-0.7121086788014914,0.6973694713688484,0.3894363860247434,0.3787731058201942,0.3544399695541441,0.5372625504760468,-0.6664075981578433,0.2941474379119193,-0.4036785357108401,-0.2757754625343134,-0.7963673492663711,0.1432488416259972,1
0.807957459847489,0.0,0.0,-0.5019797812001219,0.6663597382724006,0.6038090667181512,0.8601622529038905,-0.7580188516652706,0.6429339545147814,-0.3185460043531057,0.2432725724240438,-0.3371202300106035,0.2998077370685387,-0.398225287784761,0.5263079009929208,-0.5390150019307551,-0.3132477301318548,-1.5418882311213358,-0.2918724141873378,-1.4048451228336,0.0,0.3941958996256642,0.2598808698690534,-0.25439360619115,-0.8804612761876718,0.0317141665550357,-0.1232428258939452,-0.877532904668174,1.29380326849738,0.0,5.1050379873424045,-0.1189858590557205,3.4279713970450576,-0.438367779593933,0.5107219276132611,-0.2862910414755532,0.4456127062297705,0.2411695121206528,0.9175549182282644,-0.5571975126956381,-0.315834245517908,1.9859949158580856,-0.3249719086611264,0.6204624229506591,-0.5228071996262438,1
-0.45714243885475936,0.0,0.0,0.4722814730507916,0.6287457296999441,-0.23629895402759865,0.6100502402280041,-0.31472992561131014,-0.6272270712815372,0.07572219482543957,0.4209560282807901,-0.3294018364294768,0.6913334063247072,0.5835628406608183,-0.3613225657984489,-0.31647278761498754,-0.307500939147715,0.7195360085065663,-0.3200355419756163,0.4566247463425541,0.0,0.3533572785501877,1.9687292770900637,-0.25439360619115,-0.045721696067377526,-0.15586849972182093,-0.5132208538057489,-0.20656342585759546,0.0314447233796602,0.0,-0.3000166521601271,-0.32296680760584506,0.1157740851165962,-0.715446234133659,-0.07982122547383491,0.21747102624317716,0.15427454173839716,2.792608504322793,-0.751779757089982,0.17229776314860817,1.4430578562288172,-0.4215402274237919,0.7193930599038689,-0.3523390606432937,0.5181062203443212,0
-0.12011823016807388,0.0,0.0,-0.8065128788717201,-0.7843468207422302,1.554261806551222,-0.8950509037799206,-0.3390043763820898,0.5278407930026472,-0.38085640176296126,0.16137128347995333,-0.37472346952357555,-0.6919077104180662,0.721988458255595,-1.4448548837049617,-0.49004817808275586,-0.28175681803657737,-0.3127018552425765,-0.30322637470691516,1.1488347253026003,0.0,-0.20721958450332262,0.4558223356265658,-0.2191269494858148,-0.5178658815061354,0.17972118964525602,0.26673027801068516,0.1594133352797959,1.3237549132539954,0.0,-0.4775124228143637,-0.32824924567260755,0.9557061601848826,1.4327245896128862,0.5223777114411193,1.8908096251402646,0.7966310775728622,-0.10108456459752979,-0.4606498520394137,0.010227635753957909,1.0048500779934746,0.35002455017228706,0.30105008683385337,-2.2174210465023774,0.26849716748156394,0
-0.44045915733216967,0.0,0.0,-0.2731206986507076,0.2123389727249655,-0.2590332733100483,-0.006642066764945942,-0.3880384938657499,-0.07999962922450354,-0.8158989274389405,0.3198469027918246,-0.273518673786187,0.09554863121193091,-0.26022958002798546,-0.22880157339740642,-0.26041849237507975,-0.298670579300323,0.7086758418472375,-0.27321429298322786,-1.1452280403851778,0.0,0.031310957395519035,0.4364744433007778,-0.25439360619115,-0.3002342133564868,-0.20528101761228568,-0.26115869734384356,-0.860931016446667,0.37784126202511126,0.0,-0.26227971454434895,-0.3194181877276559,-0.597563815109136,-0.7414236845403229,0.2817057268023119,-0.21528352211345236,0.6698196815767109,1.2362450465307404,-0.0189936517768714,1.0854450527959223,0.44754917286808493,-0.7038881098575289,0.5914071759619506,0.3208713574747683,0.013461804163582447,0
-0.6082987812193168,0.0,0.0,0.3734362331647159,0.39577031498582543,0.6919418376530655,0.6917524763400299,-0.3999465582859094,-0.1476900871469525,-0.10557915394941714,0.29928266446086504,-0.22515298689782737,0.3981057743624942,0.42195978614496565,-0.19348668138765038,-0.38381335212443657,-0.2801739651937363,-0.18530019361679645,-0.2946880205171426,0.3569636952539018,0.0,0.8035711774186832,-0.208140861239385,-0.05666024510943021,-0.27015905232056775,-1.109574135495255,-1.089159739549007,-0.3115346166244008,0.11874348950222768,0.0,-0.37823030138737207,-0.26173487690982555,-0.741882788509054,-0.7558814025084897,0.37874541258567335,-0.12060899099857163,0.4196981596653459,-1.170803127312904,-0.8899411939887643,0.5030879668338012,-0.3740956292396996,-0.6259497818550169,0.6509793823249924,0.05654257147860463,0.6589143520460407,0
